tmc,bt_avg,at1_avg,at2_avg,btat1_vol,btat2_vol,at1at2_vol,btat1_per,btat2_per,at1at2_per
114-08547,114.388,159.541,154.51,45.15299999999999,40.121999999999986,-5.031000000000006,0.39474,0.35075,-0.03153
114-08546,78.825,69.344,62.522,-9.481000000000009,-16.303000000000004,-6.821999999999996,-0.12028,-0.20683,-0.09838
114-10745,59.97,61.655,52.645,1.6850000000000023,-7.324999999999996,-9.009999999999998,0.0281,-0.12214,-0.14614
114P04629,6.063,5.835,5.516,-0.22799999999999976,-0.5469999999999997,-0.31899999999999995,-0.03761,-0.09022,-0.05467
114-10503,124.143,128.849,166.004,4.705999999999989,41.86099999999999,37.155,0.03791,0.3372,0.28836
114-09880,148.334,136.512,109.112,-11.822000000000003,-39.22200000000001,-27.400000000000006,-0.0797,-0.26442,-0.20071
114-09881,168.327,180.473,170.05,12.146000000000015,1.7230000000000132,-10.423000000000002,0.07216,0.01024,-0.05775
114-10991,94.934,99.024,124.518,4.090000000000003,29.584000000000003,25.494,0.04308,0.31163,0.25745
114+04634,17.51,16.798,11.65,-0.7120000000000033,-5.860000000000001,-5.147999999999998,-0.04066,-0.33467,-0.30647
114+04635,3.961,4.505,3.302,0.544,-0.6589999999999998,-1.2029999999999998,0.13734,-0.16637,-0.26704
114+04636,29.863,30.464,26.675,0.6009999999999991,-3.187999999999999,-3.788999999999998,0.02013,-0.10675,-0.12438
114+04630,19.388,22.771,22.136,3.382999999999999,2.7479999999999976,-0.6350000000000016,0.17449,0.14174,-0.02789
114+04631,13.617,22.0,9.082,8.383,-4.535,-12.918,0.61563,-0.33304,-0.58718
114+04632,73.41,81.968,45.956,8.558000000000007,-27.453999999999994,-36.012,0.11658,-0.37398,-0.43934
114+04633,21.331,17.42,20.978,-3.910999999999998,-0.352999999999998,3.558,-0.18335,-0.01655,0.20425
114-10772,138.912,195.223,196.305,56.31100000000001,57.393,1.0819999999999936,0.40537,0.41316,0.00554
114-10770,102.99,64.116,69.98,-38.873999999999995,-33.00999999999999,5.864000000000004,-0.37745,-0.32052,0.09146
114-10771,93.312,118.187,68.721,24.875,-24.590999999999994,-49.465999999999994,0.26658,-0.26354,-0.41854
114+04629,55.862,67.003,51.706,11.140999999999998,-4.155999999999999,-15.296999999999997,0.19944,-0.0744,-0.2283
114+11179,164.27,167.97,194.749,3.6999999999999886,30.478999999999985,26.778999999999996,0.02252,0.18554,0.15943
114-08639,35.826,20.78,19.658,-15.046,-16.168,-1.1219999999999999,-0.41997,-0.45129,-0.05399
114-08638,56.014,57.534,71.052,1.519999999999996,15.038000000000004,13.518000000000008,0.02714,0.26847,0.23496
114-11504,53.323,60.356,49.433,7.033000000000001,-3.8900000000000006,-10.923000000000002,0.13189,-0.07295,-0.18098
114+11160,165.003,159.77,200.845,-5.232999999999976,35.84200000000001,41.07499999999999,-0.03171,0.21722,0.25709
114N08640,2.548,3.056,2.079,0.508,-0.46899999999999986,-0.9769999999999999,0.19937,-0.18407,-0.3197
114-08228,82.963,77.735,74.563,-5.227999999999994,-8.399999999999991,-3.171999999999997,-0.06302,-0.10125,-0.04081
114-08227,116.207,141.389,114.698,25.182000000000016,-1.5090000000000003,-26.691000000000017,0.2167,-0.01299,-0.18878
114-08226,136.622,157.016,139.886,20.393999999999977,3.2639999999999816,-17.129999999999995,0.14927,0.02389,-0.1091
114-08346,2.124,2.48,3.162,0.35599999999999987,1.0379999999999998,0.6819999999999999,0.16761,0.4887,0.275
114-08104,31.861,32.416,32.044,0.5549999999999962,0.18299999999999628,-0.3719999999999999,0.01742,0.00574,-0.01148
114-08345,7.524,9.266,10.937,1.742,3.4129999999999994,1.6709999999999994,0.23153,0.45362,0.18034
114-08344,8.553,10.121,11.269,1.5679999999999996,2.7159999999999993,1.1479999999999997,0.18333,0.31755,0.11343
114P04549,5.751,3.599,3.816,-2.152,-1.9350000000000005,0.21699999999999964,-0.3742,-0.33646,0.06029
114-08101,22.161,17.513,16.428,-4.648,-5.7330000000000005,-1.0850000000000009,-0.20974,-0.2587,-0.06195
114-08343,8.99,10.059,12.546,1.068999999999999,3.555999999999999,2.487,0.11891,0.39555,0.24724
114P04548,0.804,1.657,1.756,0.853,0.952,0.09899999999999998,1.06095,1.18408,0.05975
114-08342,24.163,23.294,26.314,-0.8689999999999998,2.151,3.0199999999999996,-0.03596,0.08902,0.12965
114+50424,97.344,65.339,115.218,-32.004999999999995,17.87400000000001,49.879000000000005,-0.32878,0.18362,0.76339
114N09714,1.421,1.674,1.147,0.2529999999999999,-0.274,-0.5269999999999999,0.17804,-0.19282,-0.31481
114+04549,6.716,8.828,10.267,2.111999999999999,3.5509999999999993,1.439,0.31447,0.52874,0.163
114-08210,296.646,306.121,306.265,9.474999999999966,9.618999999999971,0.14400000000000546,0.03194,0.03243,0.00047
114+11180,83.33,97.769,104.011,14.439000000000007,20.680999999999997,6.24199999999999,0.17327,0.24818,0.06384
114+11181,89.352,80.878,73.959,-8.474000000000004,-15.393,-6.918999999999997,-0.09484,-0.17227,-0.08555
114+04550,0.358,0.348,0.41,-0.010000000000000009,0.05199999999999999,0.062,-0.02793,0.14525,0.17816
114+04551,4.889,2.952,3.256,-1.9370000000000003,-1.6330000000000005,0.3039999999999998,-0.3962,-0.33402,0.10298
114+04552,0.757,0.686,0.734,-0.07099999999999995,-0.02300000000000002,0.04799999999999993,-0.09379,-0.03038,0.06997
114-08209,29.69,36.456,36.952,6.766000000000002,7.261999999999997,0.4959999999999951,0.22789,0.24459,0.01361
114-08208,45.616,42.542,42.442,-3.073999999999998,-3.1739999999999995,-0.10000000000000142,-0.06739,-0.06958,-0.00235
114P11180,13.24,13.717,14.256,0.4770000000000003,1.016,0.5389999999999997,0.03603,0.07674,0.03929
114+11094,145.105,100.254,131.498,-44.850999999999985,-13.607,31.243999999999986,-0.30909,-0.09377,0.31165
114+11095,256.967,258.542,257.688,1.5749999999999886,0.7210000000000036,-0.853999999999985,0.00613,0.00281,-0.0033
114N04119,2.93,10.48,4.32,7.550000000000001,1.3900000000000001,-6.16,2.57679,0.4744,-0.58779
114N04118,0.349,0.987,0.435,0.638,0.08600000000000002,-0.552,1.82808,0.24642,-0.55927
114P04552,6.53,5.868,6.86,-0.6619999999999999,0.33000000000000007,0.992,-0.10138,0.05054,0.16905
114P04551,6.999,4.556,6.041,-2.4429999999999996,-0.9579999999999993,1.4850000000000003,-0.34905,-0.13688,0.32594
114P04550,2.172,1.257,1.297,-0.9150000000000003,-0.8750000000000002,0.040000000000000036,-0.42127,-0.40285,0.03182
114-04196,7.528,22.262,14.973,14.734000000000002,7.445000000000001,-7.289,1.95723,0.98897,-0.32742
114-04195,0.962,2.457,1.496,1.4949999999999999,0.534,-0.9609999999999999,1.55405,0.55509,-0.39113
114-04197,1.547,5.002,3.114,3.455,1.567,-1.888,2.23335,1.01293,-0.37745
114-04192,12.612,17.51,18.782,4.8980000000000015,6.17,1.2719999999999985,0.38836,0.48922,0.07264
114-04191,4.861,6.048,9.81,1.1870000000000003,4.949000000000001,3.7620000000000005,0.24419,1.0181,0.62202
114-04194,1.911,4.748,2.854,2.837,0.9430000000000001,-1.8940000000000001,1.48456,0.49346,-0.3989
114-04193,3.136,14.768,6.339,11.632000000000001,3.2030000000000003,-8.429,3.70918,1.02136,-0.57076
114-10501,47.045,40.238,46.466,-6.807000000000002,-0.5790000000000006,6.2280000000000015,-0.14469,-0.01231,0.15478
114-10741,106.99,48.934,65.215,-58.056,-41.77499999999999,16.281000000000006,-0.54263,-0.39046,0.33271
114N07997,1.08,0.698,0.398,-0.3820000000000001,-0.682,-0.29999999999999993,-0.3537,-0.63148,-0.4298
114-51377,10.57,11.744,11.85,1.1739999999999995,1.2799999999999994,0.10599999999999987,0.11107,0.1211,0.00903
114N07994,3.042,3.401,2.761,0.359,-0.2809999999999997,-0.6399999999999997,0.11801,-0.09237,-0.18818
114N04121,1.79,2.263,2.166,0.47299999999999986,0.3759999999999999,-0.09699999999999998,0.26425,0.21006,-0.04286
114-51376,18.529,17.427,35.317,-1.1020000000000003,16.788,17.89,-0.05947,0.90604,1.02657
114-07975,11.822,10.199,13.204,-1.6229999999999993,1.3820000000000014,3.005000000000001,-0.13729,0.1169,0.29464
114-07974,295.463,155.533,106.331,-139.93000000000004,-189.132,-49.201999999999984,-0.4736,-0.64012,-0.31634
114-09920,29.985,41.387,29.354,11.402000000000001,-0.6310000000000002,-12.033000000000001,0.38026,-0.02104,-0.29074
114P08025,41.448,25.223,45.678,-16.225,4.229999999999997,20.455,-0.39145,0.10206,0.81097
114P08024,2.271,1.328,1.784,-0.9429999999999998,-0.4869999999999999,0.45599999999999996,-0.41524,-0.21444,0.34337
114+07975,17.238,29.427,14.223,12.189,-3.014999999999999,-15.203999999999999,0.7071,-0.1749,-0.51667
114N09919,0.737,1.154,0.904,0.4169999999999999,0.16700000000000004,-0.2499999999999999,0.56581,0.22659,-0.21664
114+07976,22.012,18.488,18.272,-3.524000000000001,-3.740000000000002,-0.21600000000000108,-0.16009,-0.16991,-0.01168
114P14841,2.241,3.829,2.4,1.588,0.1589999999999998,-1.4290000000000003,0.70861,0.07095,-0.3732
114N07976,11.466,10.318,11.046,-1.1479999999999997,-0.41999999999999993,0.7279999999999998,-0.10012,-0.03663,0.07056
114+09920,52.232,87.331,80.546,35.099000000000004,28.314000000000007,-6.784999999999997,0.67198,0.54208,-0.07769
114+04118,2.927,2.99,2.984,0.06300000000000017,0.05699999999999994,-0.006000000000000227,0.02152,0.01947,-0.00201
114+04119,0.186,0.207,0.212,0.02099999999999999,0.025999999999999995,0.0050000000000000044,0.1129,0.13978,0.02415
114N04552,47.46,81.174,57.153,33.714000000000006,9.692999999999998,-24.021000000000008,0.71037,0.20424,-0.29592
114N04551,6.73,49.591,20.219,42.861000000000004,13.489,-29.372,6.36865,2.00431,-0.59228
114N04550,1.308,1.809,1.925,0.5009999999999999,0.617,0.1160000000000001,0.38303,0.47171,0.06412
114+07995,147.371,97.883,90.101,-49.488000000000014,-57.27000000000001,-7.7819999999999965,-0.33581,-0.38861,-0.0795
114+07994,40.257,48.692,42.793,8.435000000000002,2.5360000000000014,-5.899000000000001,0.20953,0.063,-0.12115
114+08848,142.016,100.032,131.958,-41.983999999999995,-10.057999999999993,31.926000000000002,-0.29563,-0.07082,0.31916
114+07997,55.725,46.22,54.957,-9.505000000000003,-0.7680000000000007,8.737000000000002,-0.17057,-0.01378,0.18903
114+07996,61.761,78.79,70.386,17.029000000000003,8.624999999999993,-8.40400000000001,0.27572,0.13965,-0.10666
114-04550,4.21,7.823,6.452,3.6130000000000004,2.242,-1.3710000000000004,0.85819,0.53254,-0.17525
114P08272,1.161,2.433,1.676,1.2719999999999998,0.5149999999999999,-0.7569999999999999,1.09561,0.44358,-0.31114
114-09714,87.333,70.748,47.47,-16.584999999999994,-39.863,-23.278000000000006,-0.18991,-0.45645,-0.32903
114P10105,3.38,3.47,4.44,0.0900000000000003,1.0600000000000005,0.9700000000000002,0.02663,0.31361,0.27954
114P10106,5.709,6.701,7.859,0.992,2.1500000000000004,1.1580000000000004,0.17376,0.3766,0.17281
114N11181,1.447,1.447,0.986,0.0,-0.4610000000000001,-0.4610000000000001,0.0,-0.31859,-0.31859
114N11180,37.923,45.168,43.225,7.244999999999997,5.302,-1.9429999999999978,0.19105,0.13981,-0.04302
114+51376,17.28,79.806,26.342,62.525999999999996,9.061999999999998,-53.464,3.6184,0.52442,-0.66992
114+09715,102.105,76.768,73.734,-25.337000000000003,-28.37100000000001,-3.034000000000006,-0.24815,-0.27786,-0.03952
114P10283,5.489,5.288,5.246,-0.20099999999999962,-0.24299999999999944,-0.041999999999999815,-0.03662,-0.04427,-0.00794
114N04549,2.877,5.756,5.447,2.8790000000000004,2.5700000000000003,-0.30900000000000016,1.0007,0.89329,-0.05368
114N04548,0.754,1.286,1.52,0.532,0.766,0.23399999999999999,0.70557,1.01592,0.18196
114-11094,220.481,229.896,315.396,9.414999999999992,94.91500000000002,85.50000000000003,0.0427,0.43049,0.37191
114P10168,7.021,6.589,5.657,-0.4319999999999995,-1.3639999999999999,-0.9320000000000004,-0.06153,-0.19427,-0.14145
114-50423,41.777,95.7,51.77,53.923,9.993000000000002,-43.93,1.29073,0.2392,-0.45904
114-08847,301.162,240.472,296.904,-60.68999999999997,-4.257999999999981,56.43199999999999,-0.20152,-0.01414,0.23467
114+08639,54.156,54.688,81.02,0.5320000000000036,26.863999999999997,26.331999999999994,0.00982,0.49605,0.4815
114-07996,68.083,87.937,67.881,19.854,-0.20199999999999818,-20.055999999999997,0.29161,-0.00297,-0.22807
114+09727,59.49,56.992,68.679,-2.4980000000000047,9.189,11.687000000000005,-0.04199,0.15446,0.20506
114-07995,97.828,113.358,96.121,15.530000000000001,-1.7070000000000078,-17.23700000000001,0.15875,-0.01745,-0.15206
114-07994,168.906,122.22,93.95,-46.68600000000001,-74.956,-28.269999999999996,-0.2764,-0.44377,-0.2313
114-07993,45.336,51.387,47.774,6.051000000000002,2.4380000000000024,-3.6129999999999995,0.13347,0.05378,-0.07031
114-04120,14.014,13.084,12.395,-0.9299999999999997,-1.6189999999999998,-0.6890000000000001,-0.06636,-0.11553,-0.05266
114-14375,130.091,128.005,172.008,-2.0860000000000127,41.917,44.003000000000014,-0.01603,0.32221,0.34376
114-04118,0.153,0.555,0.206,0.402,0.05299999999999999,-0.3490000000000001,2.62745,0.34641,-0.62883
114-09919,95.766,102.444,82.432,6.677999999999997,-13.334000000000003,-20.012,0.06973,-0.13924,-0.19535
114-04628,62.804,66.378,49.65,3.573999999999998,-13.154000000000003,-16.728,0.05691,-0.20945,-0.25201
114P10992,1.814,1.262,1.592,-0.552,-0.22199999999999998,0.33000000000000007,-0.3043,-0.12238,0.26149
114P10991,14.275,18.724,17.021,4.449,2.7460000000000004,-1.7029999999999994,0.31166,0.19236,-0.09095
114+08542,168.407,144.256,153.364,-24.15100000000001,-15.043000000000006,9.108000000000004,-0.14341,-0.08933,0.06314
114-11179,89.586,88.642,82.352,-0.9440000000000026,-7.233999999999995,-6.289999999999992,-0.01054,-0.08075,-0.07096
114N04629,7.269,9.649,7.618,2.379999999999999,0.3490000000000002,-2.030999999999999,0.32742,0.04801,-0.21049
114-11178,87.68,99.919,98.48,12.23899999999999,10.799999999999997,-1.438999999999993,0.13959,0.12318,-0.0144
114-08094,83.469,67.349,84.752,-16.11999999999999,1.2830000000000013,17.40299999999999,-0.19313,0.01537,0.2584
114-08093,35.479,39.569,36.973,4.090000000000003,1.4939999999999998,-2.5960000000000036,0.11528,0.04211,-0.06561
114+04197,4.64,3.698,4.119,-0.9419999999999997,-0.5209999999999999,0.4209999999999998,-0.20302,-0.11228,0.11385
114+04198,1.503,0.787,0.998,-0.7159999999999999,-0.5049999999999999,0.21099999999999997,-0.47638,-0.33599,0.26811
114+04193,19.948,36.265,47.435,16.317,27.487000000000002,11.170000000000002,0.81798,1.37793,0.30801
114+09761,31.787,24.384,28.945,-7.402999999999999,-2.8419999999999987,4.561,-0.23289,-0.08941,0.18705
114+09882,122.603,120.341,129.982,-2.2620000000000005,7.379000000000005,9.641000000000005,-0.01845,0.06019,0.08011
114+04194,6.201,13.346,13.235,7.1450000000000005,7.034,-0.11100000000000065,1.15223,1.13433,-0.00832
114+04195,3.134,3.566,3.561,0.43199999999999994,0.42700000000000005,-0.004999999999999893,0.13784,0.13625,-0.0014
114+09881,112.328,157.736,121.763,45.40799999999999,9.435000000000002,-35.972999999999985,0.40424,0.084,-0.22806
114+04196,0.651,0.462,0.516,-0.189,-0.135,0.05399999999999999,-0.29032,-0.20737,0.11688
114N10154,11.629,12.695,8.167,1.0660000000000007,-3.4619999999999997,-4.5280000000000005,0.09167,-0.2977,-0.35668
114-11180,74.782,67.014,55.98,-7.768000000000001,-18.802,-11.033999999999999,-0.10388,-0.25142,-0.16465
114+04192,13.317,32.745,47.623,19.427999999999997,34.306,14.878,1.45889,2.57611,0.45436
114+51379,11.096,9.997,15.339,-1.0990000000000002,4.243,5.3420000000000005,-0.09904,0.38239,0.53436
114N11378,2.726,2.994,1.669,0.26800000000000024,-1.057,-1.3250000000000002,0.09831,-0.38775,-0.44255
114N10166,3.078,1.18,3.501,-1.898,0.42300000000000004,2.3209999999999997,-0.61663,0.13743,1.96695
114N10168,5.568,3.781,4.767,-1.7869999999999995,-0.8009999999999993,0.9860000000000002,-0.32094,-0.14386,0.26078
114+10746,91.12,102.92,103.664,11.799999999999997,12.543999999999997,0.7439999999999998,0.1295,0.13766,0.00723
114+10504,128.451,155.405,129.848,26.954000000000008,1.3970000000000198,-25.556999999999988,0.20984,0.01088,-0.16445
114P04198,14.055,6.691,12.584,-7.364,-1.471,5.893,-0.52394,-0.10466,0.88074
114N08080,0.966,1.318,1.066,0.3520000000000001,0.10000000000000009,-0.252,0.36439,0.10352,-0.1912
114N10283,2.57,2.946,3.716,0.37600000000000033,1.1460000000000004,0.77,0.1463,0.44591,0.26137
114-08079,21.222,27.213,21.355,5.991,0.13299999999999912,-5.8580000000000005,0.2823,0.00627,-0.21526
114-08078,92.43,114.824,78.102,22.39399999999999,-14.328000000000003,-36.721999999999994,0.24228,-0.15501,-0.31981
114P09761,4.671,5.003,5.725,0.33199999999999985,1.0539999999999994,0.7219999999999995,0.07108,0.22565,0.14431
114P04197,7.562,4.722,5.058,-2.84,-2.5040000000000004,0.3359999999999994,-0.37556,-0.33113,0.07116
114P04196,1.72,1.376,1.479,-0.3440000000000001,-0.24099999999999988,0.1030000000000002,-0.2,-0.14012,0.07485
114P04195,11.338,8.562,9.01,-2.776,-2.3279999999999994,0.4480000000000004,-0.24484,-0.20533,0.05232
114+10991,107.418,117.431,124.661,10.012999999999991,17.242999999999995,7.230000000000004,0.09322,0.16052,0.06157
114P04194,4.493,7.565,7.442,3.072,2.949,-0.12300000000000022,0.68373,0.65635,-0.01626
114P04193,13.088,26.907,28.837,13.819,15.749,1.9299999999999997,1.05585,1.20332,0.07173
114+10992,122.736,120.37,132.415,-2.3659999999999997,9.678999999999988,12.044999999999987,-0.01928,0.07886,0.10007
114P04192,18.362,35.288,47.339,16.926,28.977,12.051000000000002,0.9218,1.5781,0.3415
114+11600,128.925,148.385,178.522,19.45999999999998,49.59699999999998,30.137,0.15094,0.3847,0.2031
114-04549,0.447,0.64,0.677,0.193,0.23000000000000004,0.03700000000000003,0.43177,0.51454,0.05781
114-04548,4.383,8.049,10.017,3.6659999999999995,5.6339999999999995,1.968,0.83641,1.28542,0.2445
114+08211,287.123,291.03,290.755,3.9069999999999823,3.632000000000005,-0.27499999999997726,0.01361,0.01265,-0.00094
114P08104,1.045,1.848,1.941,0.8030000000000002,0.8960000000000001,0.09299999999999997,0.76842,0.85742,0.05032
114P08345,6.027,2.429,3.261,-3.5980000000000003,-2.766,0.8320000000000003,-0.59698,-0.45893,0.34253
114P08347,11.932,29.044,34.056,17.112000000000002,22.123999999999995,5.011999999999997,1.43413,1.85417,0.17257
114-15717,34.278,34.095,22.673,-0.18299999999999983,-11.605,-11.422,-0.00534,-0.33856,-0.33501
114-10154,48.058,90.054,81.422,41.996,33.364,-8.632000000000005,0.87386,0.69424,-0.09585
114P08100,4.325,4.895,6.168,0.5699999999999994,1.843,1.2730000000000006,0.13179,0.42613,0.26006
114P08342,4.459,5.294,5.72,0.835,1.2610000000000001,0.42600000000000016,0.18726,0.2828,0.08047
114-15723,47.639,53.507,30.453,5.867999999999995,-17.186000000000003,-23.054,0.12318,-0.36075,-0.43086
114-11248,110.916,73.903,70.265,-37.01299999999999,-40.650999999999996,-3.6380000000000052,-0.3337,-0.3665,-0.04923
114-10153,42.231,65.055,44.594,22.824000000000005,2.3629999999999995,-20.461000000000006,0.54046,0.05595,-0.31452
114-10272,125.857,115.426,118.359,-10.430999999999997,-7.498000000000005,2.9329999999999927,-0.08288,-0.05958,0.02541
114+08345,11.259,11.678,13.413,0.4190000000000005,2.154,1.7349999999999994,0.03721,0.19131,0.14857
114+08344,14.006,14.164,18.616,0.15799999999999947,4.609999999999999,4.452,0.01128,0.32914,0.31432
114+08347,4.081,15.202,17.588,11.120999999999999,13.507000000000001,2.386000000000001,2.72507,3.30973,0.15695
114+08105,29.232,29.383,33.285,0.1509999999999998,4.052999999999997,3.9019999999999975,0.00517,0.13865,0.1328
114+08346,6.2,8.543,12.196,2.342999999999999,5.9959999999999996,3.6530000000000005,0.3779,0.9671,0.4276
114+08104,60.022,95.362,71.189,35.339999999999996,11.166999999999994,-24.173000000000002,0.58878,0.18605,-0.25349
114+08343,30.822,30.206,44.732,-0.6159999999999997,13.91,14.526,-0.01999,0.4513,0.4809
114+08100,25.136,40.536,30.136,15.400000000000002,5.0,-10.400000000000002,0.61267,0.19892,-0.25656
114+08228,133.131,142.182,172.234,9.050999999999988,39.10300000000001,30.05200000000002,0.06799,0.29372,0.21136
114+08227,162.952,148.864,247.743,-14.087999999999994,84.791,98.87899999999999,-0.08645,0.52034,0.66422
114-11377,186.188,189.863,152.434,3.6750000000000114,-33.75399999999999,-37.429,0.01974,-0.18129,-0.19714
114-10167,120.001,120.547,126.057,0.5459999999999923,6.055999999999997,5.510000000000005,0.00455,0.05047,0.04571
114-10168,178.832,178.109,165.746,-0.7229999999999848,-13.085999999999984,-12.363,-0.00404,-0.07317,-0.06941
114-10165,32.64,17.711,25.948,-14.929000000000002,-6.692,8.237000000000002,-0.45738,-0.20502,0.46508
114-11376,25.694,22.826,28.896,-2.8679999999999986,3.2020000000000017,6.07,-0.11162,0.12462,0.26592
114P08211,6.27,5.752,3.769,-0.5179999999999998,-2.5009999999999994,-1.9829999999999997,-0.08262,-0.39888,-0.34475
114+10772,105.608,114.892,105.729,9.283999999999992,0.12099999999999511,-9.162999999999997,0.08791,0.00115,-0.07975
114+10773,109.478,117.779,114.217,8.301000000000002,4.739000000000004,-3.5619999999999976,0.07582,0.04329,-0.03024
114-10164,59.56,44.445,55.025,-15.115000000000002,-4.535000000000004,10.579999999999998,-0.25378,-0.07614,0.23805
114-10282,190.126,230.177,199.876,40.05099999999999,9.75,-30.300999999999988,0.21066,0.05128,-0.13164
114N08272,3.479,4.908,2.611,1.4290000000000003,-0.8679999999999999,-2.297,0.41075,-0.2495,-0.46801
114+19251,5.316,9.664,6.285,4.348,0.9690000000000003,-3.3789999999999996,0.81791,0.18228,-0.34965
114+10563,94.526,98.116,105.217,3.5900000000000034,10.691000000000003,7.100999999999999,0.03798,0.1131,0.07237
114N14841,4.067,3.418,1.776,-0.649,-2.2910000000000004,-1.6420000000000001,-0.15958,-0.56331,-0.4804
114-04633,18.796,25.339,13.756,6.542999999999999,-5.039999999999999,-11.582999999999998,0.34811,-0.26814,-0.45712
114-04632,5.688,6.671,6.865,0.9830000000000005,1.1770000000000005,0.19399999999999995,0.17282,0.20693,0.02908
114-04635,27.276,46.214,26.255,18.938,-1.0210000000000008,-19.959,0.69431,-0.03743,-0.43188
114-04634,2.193,3.259,1.961,1.0659999999999998,-0.23199999999999998,-1.2979999999999998,0.48609,-0.10579,-0.39828
114-04631,39.865,35.324,31.008,-4.541000000000004,-8.857000000000003,-4.315999999999999,-0.11391,-0.22217,-0.12218
114-04630,27.435,33.861,21.244,6.425999999999998,-6.190999999999999,-12.616999999999997,0.23423,-0.22566,-0.37261
114-11159,217.365,228.028,188.456,10.662999999999982,-28.90900000000002,-39.572,0.04906,-0.133,-0.17354
114-04629,18.531,15.475,13.098,-3.055999999999999,-5.432999999999998,-2.376999999999999,-0.16491,-0.29318,-0.1536
114-08025,35.162,33.406,33.68,-1.7560000000000002,-1.4819999999999993,0.2740000000000009,-0.04994,-0.04215,0.0082
114P07976,20.28,14.954,14.272,-5.3260000000000005,-6.008000000000001,-0.6820000000000004,-0.26262,-0.29625,-0.04561
114-08024,76.066,108.705,74.576,32.638999999999996,-1.490000000000009,-34.129000000000005,0.42909,-0.01959,-0.31396
114+10460,109.879,126.229,130.703,16.349999999999994,20.823999999999998,4.474000000000004,0.1488,0.18952,0.03544
114+10220,41.73,31.678,56.696,-10.051999999999996,14.966000000000001,25.017999999999997,-0.24088,0.35864,0.78976
114+10103,91.039,109.324,77.229,18.284999999999997,-13.810000000000002,-32.095,0.20085,-0.15169,-0.29358
114+10104,48.198,43.385,41.332,-4.813000000000002,-6.866,-2.0529999999999973,-0.09986,-0.14245,-0.04732
114+08026,54.721,42.001,43.49,-12.719999999999999,-11.230999999999995,1.4890000000000043,-0.23245,-0.20524,0.03545
114+08025,70.107,70.964,45.43,0.8569999999999993,-24.677,-25.534,0.01222,-0.35199,-0.35982
114+08028,8.653,6.808,6.1,-1.8450000000000006,-2.553000000000001,-0.7080000000000002,-0.21322,-0.29504,-0.104
114+08027,93.554,100.129,87.079,6.575000000000003,-6.4750000000000085,-13.050000000000011,0.07028,-0.06921,-0.13033
114N10105,4.229,2.664,4.585,-1.565,0.35599999999999987,1.9209999999999998,-0.37006,0.08418,0.7211
114+08024,185.001,312.339,169.481,127.338,-15.52000000000001,-142.858,0.68831,-0.08389,-0.45738
114N10106,3.558,4.04,5.198,0.4820000000000002,1.6400000000000006,1.1580000000000004,0.13547,0.46093,0.28663
114-14839,25.277,11.952,14.85,-13.325000000000001,-10.427000000000001,2.8979999999999997,-0.52716,-0.41251,0.24247
114-08017,143.025,167.068,147.73,24.043000000000006,4.704999999999984,-19.338000000000022,0.1681,0.0329,-0.11575
114-08016,2.506,4.125,3.099,1.6190000000000002,0.5930000000000004,-1.0259999999999998,0.64605,0.23663,-0.24873
114-08015,42.403,45.117,44.064,2.7139999999999986,1.6610000000000014,-1.0529999999999973,0.064,0.03917,-0.02334
114+08029,150.748,119.695,113.151,-31.052999999999997,-37.596999999999994,-6.543999999999997,-0.20599,-0.2494,-0.05467
114-14841,36.594,38.178,23.072,1.583999999999996,-13.522000000000002,-15.105999999999998,0.04329,-0.36951,-0.39567
114-14840,17.436,30.913,32.491,13.477,15.055,1.5779999999999994,0.77294,0.86344,0.05105
114-11338,22.413,7.374,8.953,-15.039000000000001,-13.46,1.5789999999999997,-0.67099,-0.60054,0.21413
114-09139,41.117,54.308,32.257,13.191000000000003,-8.86,-22.051000000000002,0.32082,-0.21548,-0.40604
114N08025,49.85,40.762,39.051,-9.088000000000001,-10.799,-1.7109999999999985,-0.18231,-0.21663,-0.04198
114N08024,1.639,1.729,1.244,0.09000000000000008,-0.395,-0.4850000000000001,0.05491,-0.241,-0.28051
114P07997,0.337,1.203,1.102,0.8660000000000001,0.7650000000000001,-0.10099999999999998,2.56973,2.27003,-0.08396
114-11101,115.481,151.013,119.499,35.53200000000001,4.018000000000001,-31.51400000000001,0.30769,0.03479,-0.20868
114-15700,64.678,70.454,67.336,5.775999999999996,2.6580000000000013,-3.117999999999995,0.0893,0.0411,-0.04426
114-15701,56.284,60.941,47.941,4.657000000000004,-8.342999999999996,-13.0,0.08274,-0.14823,-0.21332
114+14840,162.239,111.858,95.578,-50.381,-66.661,-16.28,-0.31054,-0.41088,-0.14554
114+14841,20.627,25.912,20.481,5.285,-0.14599999999999724,-5.430999999999997,0.25622,-0.00708,-0.20959
114+08270,6.75,6.667,7.23,-0.08300000000000018,0.4800000000000004,0.5630000000000006,-0.0123,0.07111,0.08445
114+08273,79.967,83.789,71.431,3.8220000000000027,-8.536000000000001,-12.358000000000004,0.04779,-0.10674,-0.14749
114+10106,17.916,20.059,19.242,2.1430000000000007,1.3260000000000005,-0.8170000000000002,0.11961,0.07401,-0.04073
114+08289,96.206,101.016,104.974,4.810000000000002,8.768,3.9579999999999984,0.05,0.09114,0.03918
114N10562,24.119,21.046,20.628,-3.0730000000000004,-3.4909999999999997,-0.41799999999999926,-0.12741,-0.14474,-0.01986
114P04118,0.837,0.906,0.934,0.06900000000000006,0.09700000000000009,0.028000000000000025,0.08244,0.11589,0.03091
114-11598,159.514,155.957,182.632,-3.5570000000000164,23.117999999999995,26.67500000000001,-0.0223,0.14493,0.17104
114-11599,143.218,147.096,147.164,3.8780000000000143,3.945999999999998,0.06799999999998363,0.02708,0.02755,0.00046
114+09140,32.517,34.042,36.756,1.5249999999999986,4.238999999999997,2.7139999999999986,0.0469,0.13036,0.07973
114+11599,109.708,162.753,128.102,53.04499999999999,18.394000000000005,-34.65099999999998,0.48351,0.16766,-0.21291
114N08211,5.309,4.759,4.056,-0.5499999999999998,-1.2530000000000001,-0.7030000000000003,-0.1036,-0.23601,-0.14772
114N08342,4.005,4.567,6.303,0.5620000000000003,2.298,1.7359999999999998,0.14032,0.57378,0.38012
114N08100,2.365,3.269,2.877,0.9039999999999999,0.5119999999999996,-0.39200000000000035,0.38224,0.21649,-0.11991
114+11338,11.501,9.939,11.602,-1.5619999999999994,0.10100000000000087,1.6630000000000003,-0.13581,0.00878,0.16732
114N51377,0.378,0.38,0.43,0.0020000000000000018,0.05199999999999999,0.04999999999999999,0.00529,0.13757,0.13158
114-10562,130.872,135.533,133.853,4.660999999999973,2.9809999999999945,-1.6799999999999784,0.03561,0.02278,-0.0124
114N08347,4.448,4.598,7.061,0.14999999999999947,2.6129999999999995,2.463,0.03372,0.58746,0.53567
114N08104,1.723,1.48,1.225,-0.2430000000000001,-0.498,-0.2549999999999999,-0.14103,-0.28903,-0.1723
114N08345,1.88,2.147,2.566,0.2669999999999999,0.6859999999999999,0.41900000000000004,0.14202,0.36489,0.19516
114+15700,5.35,24.367,8.692,19.017000000000003,3.3420000000000005,-15.675,3.55458,0.62467,-0.64329
114N04193,6.115,25.271,11.93,19.156,5.8149999999999995,-13.341000000000001,3.13262,0.95094,-0.52792
114N04192,5.523,12.23,11.797,6.707000000000001,6.274000000000001,-0.43299999999999983,1.21438,1.13598,-0.0354
114N04195,2.758,6.46,4.007,3.702,1.2489999999999997,-2.4530000000000003,1.34228,0.45286,-0.37972
114N04194,6.328,22.675,10.384,16.347,4.056,-12.291,2.58328,0.64096,-0.54205
114+08079,83.404,141.768,79.026,58.364000000000004,-4.378,-62.742000000000004,0.69977,-0.05249,-0.44257
114-11541,28.696,15.73,10.347,-12.966000000000001,-18.349000000000004,-5.383000000000001,-0.45184,-0.63943,-0.34221
114+10283,261.742,278.07,330.048,16.327999999999975,68.30599999999998,51.97800000000001,0.06238,0.26097,0.18692
114+10165,70.031,32.542,67.129,-37.489000000000004,-2.902000000000001,34.587,-0.53532,-0.04144,1.06284
114+10166,13.228,24.669,32.455,11.441,19.226999999999997,7.785999999999998,0.86491,1.45351,0.31562
114N04197,6.154,22.103,12.872,15.949000000000002,6.718,-9.231000000000002,2.59165,1.09165,-0.41764
114+10168,146.523,153.226,125.564,6.703000000000003,-20.959000000000003,-27.662000000000006,0.04575,-0.14304,-0.18053
114N09880,7.399,5.42,3.736,-1.979,-3.663,-1.6839999999999997,-0.26747,-0.49507,-0.3107
114N04196,2.05,4.393,3.138,2.343,1.088,-1.255,1.14293,0.53073,-0.28568
114+10169,185.855,192.853,213.703,6.998000000000019,27.848000000000013,20.849999999999994,0.03765,0.14984,0.10811
114N04198,21.485,61.751,42.047,40.266,20.561999999999998,-19.704,1.87414,0.95704,-0.31909
114-10219,72.065,96.106,72.488,24.040999999999997,0.4230000000000018,-23.617999999999995,0.3336,0.00587,-0.24575
114-08272,60.982,61.388,71.351,0.4059999999999988,10.369,9.963000000000001,0.00666,0.17003,0.1623
114-10105,25.09,27.919,25.674,2.8290000000000006,0.5839999999999996,-2.245000000000001,0.11275,0.02328,-0.08041
114-08271,7.035,10.417,7.468,3.3819999999999997,0.43299999999999983,-2.949,0.48074,0.06155,-0.28309
114-08270,2.403,4.573,2.616,2.1700000000000004,0.21300000000000008,-1.9570000000000003,0.90304,0.08864,-0.42795
114-10103,105.199,117.209,130.731,12.010000000000005,25.531999999999996,13.521999999999991,0.11416,0.2427,0.11537
114+10273,136.465,86.987,146.246,-49.47800000000001,9.781000000000006,59.259000000000015,-0.36257,0.07167,0.68124
114+10274,160.62,180.006,87.196,19.385999999999996,-73.424,-92.81,0.12069,-0.45713,-0.51559
114+10155,121.89,106.101,100.336,-15.789000000000001,-21.554000000000002,-5.765000000000001,-0.12953,-0.17683,-0.05434
114+08080,18.193,34.201,15.004,16.008,-3.189000000000002,-19.197000000000003,0.8799,-0.17529,-0.5613
